-- phpMyAdmin SQL Dump
-- version 5.2.0
-- https://www.phpmyadmin.net/
--
-- Host: 127.0.0.1
-- Generation Time: Jan 25, 2023 at 04:36 PM
-- Server version: 10.4.25-MariaDB
-- PHP Version: 8.1.10

SET SQL_MODE = "NO_AUTO_VALUE_ON_ZERO";
START TRANSACTION;
SET time_zone = "+00:00";


/*!40101 SET @OLD_CHARACTER_SET_CLIENT=@@CHARACTER_SET_CLIENT */;
/*!40101 SET @OLD_CHARACTER_SET_RESULTS=@@CHARACTER_SET_RESULTS */;
/*!40101 SET @OLD_COLLATION_CONNECTION=@@COLLATION_CONNECTION */;
/*!40101 SET NAMES utf8mb4 */;

--
-- Database: `damsmsdb`
--

-- --------------------------------------------------------

--
-- Table structure for table `tblappointment`
--

CREATE TABLE `tblappointment` (
  `ID` int(10) NOT NULL,
  `AppointmentNumber` int(10) DEFAULT NULL,
  `Name` varchar(250) DEFAULT NULL,
  `MobileNumber` bigint(20) DEFAULT NULL,
  `Email` varchar(250) DEFAULT NULL,
  `AppointmentDate` date DEFAULT NULL,
  `AppointmentTime` time DEFAULT NULL,
  `Specialization` varchar(250) DEFAULT NULL,
  `Doctor` int(10) DEFAULT NULL,
  `Message` mediumtext DEFAULT NULL,
  `ApplyDate` timestamp NULL DEFAULT current_timestamp(),
  `Remark` varchar(250) DEFAULT NULL,
  `Status` varchar(250) DEFAULT NULL,
  `UpdationDate` timestamp NULL DEFAULT NULL ON UPDATE current_timestamp()
) ENGINE=InnoDB DEFAULT CHARSET=latin1;

--
-- Dumping data for table `tblappointment`
--

INSERT INTO `tblappointment` (`ID`, `AppointmentNumber`, `Name`, `MobileNumber`, `Email`, `AppointmentDate`, `AppointmentTime`, `Specialization`, `Doctor`, `Message`, `ApplyDate`, `Remark`, `Status`, `UpdationDate`) VALUES
(3, 485109480, 'Tina Yadav', 4654564464, 'tina@gmail.com', '2022-11-11', '13:00:00', '1', 1, 'bjnbjh', '2022-11-10 12:08:51', 'Appointment request has been approved', 'Approved', '2022-11-10 14:32:29'),
(4, 611388102, 'Jyoti', 7897987987, 'jyoti@gmail.com', '2022-11-12', '02:00:00', '1', 1, 'Thanks', '2022-11-10 14:31:17', 'Done', 'Approved', '2023-01-25 11:51:54'),
(6, 667282012, 'Rahul', 1425251414, 'rk@gmail.com', '2022-11-15', '18:31:00', '2', 2, 'NA', '2022-11-11 01:48:52', 'Approved', 'Approved', '2022-11-11 07:24:25'),
(7, 599829368, 'Anita', 4563214563, 'anta@test.com', '2022-11-25', '15:20:00', '2', 2, 'NA', '2022-11-11 01:49:54', NULL, NULL, NULL),
(8, 940019123, 'Amit Kumar', 1425362514, 'amitkr123@test.com', '2022-11-15', '12:30:00', '13', 4, 'NA', '2022-11-11 01:56:17', 'Your appointment has been approved.', 'Approved', '2022-11-11 01:56:55'),
(9, 483110145, 'gaurav', 9834404549, 'jsp20@gmail.com', '2023-02-08', '10:11:00', '12', 0, '', '2023-01-25 11:49:56', NULL, NULL, NULL),
(10, 338247065, 'gaurav', 9834404549, 'jsp20@gmail.com', '2023-01-26', '11:01:00', '1', 1, 'Done', '2023-01-25 11:53:40', 'Yes Come', 'Approved', '2023-01-25 11:54:25');

-- --------------------------------------------------------

--
-- Table structure for table `tbldoctor`
--

CREATE TABLE `tbldoctor` (
  `ID` int(5) NOT NULL,
  `FullName` varchar(250) DEFAULT NULL,
  `MobileNumber` bigint(10) DEFAULT NULL,
  `Email` varchar(250) DEFAULT NULL,
  `Specialization` varchar(250) DEFAULT NULL,
  `Password` varchar(259) DEFAULT NULL,
  `CreationDate` timestamp NULL DEFAULT current_timestamp()
) ENGINE=InnoDB DEFAULT CHARSET=latin1;

--
-- Dumping data for table `tbldoctor`
--

INSERT INTO `tbldoctor` (`ID`, `FullName`, `MobileNumber`, `Email`, `Specialization`, `Password`, `CreationDate`) VALUES
(1, 'Dr. Anusakha Singh', 9787979798, 'anu@gmail.com', '1', 'f925916e2754e5e03f75dd58a5733251', '2022-11-09 15:01:11'),
(2, 'Dr. Pradeep Chauhan', 6464654646, 'pra@gmail.com', '2', '202cb962ac59075b964b07152d234b70', '2022-11-09 15:01:59'),
(5, 'Nishant', 7020051158, 'np702005@gmail.com', '11', '81dc9bdb52d04dc20036dbd8313ed055', '2023-01-25 11:47:57');

-- --------------------------------------------------------

--
-- Table structure for table `tblpage`
--

CREATE TABLE `tblpage` (
  `ID` int(10) NOT NULL,
  `PageType` varchar(200) DEFAULT NULL,
  `PageTitle` mediumtext DEFAULT NULL,
  `PageDescription` mediumtext DEFAULT NULL,
  `Email` varchar(200) DEFAULT NULL,
  `MobileNumber` bigint(10) DEFAULT NULL,
  `UpdationDate` date DEFAULT NULL,
  `Timing` varchar(200) NOT NULL
) ENGINE=InnoDB DEFAULT CHARSET=latin1;

--
-- Dumping data for table `tblpage`
--

INSERT INTO `tblpage` (`ID`, `PageType`, `PageTitle`, `PageDescription`, `Email`, `MobileNumber`, `UpdationDate`, `Timing`) VALUES
(1, 'aboutus', 'About Us', '<div><font color=\"#202124\" face=\"arial, sans-serif\"><b>I’ve ever talked with. I’m so satisfied & happy with my therapist. Sending love to her & the whole Team of DAMS!</b></font></div><div><font color=\"#202124\" face=\"arial, sans-serif\"><b><br></b></font></div><div><font color=\"#202124\" face=\"arial, sans-serif\"><b>Therapy sessions with Mehek are one of the best things that I love looking forward to. I have had a hard time searching for a therapist who could </b></font></div>', NULL, NULL, NULL, ''),
(2, 'contactus', 'Contact Us', '890,Sector 62, Talegaov Pune ', 'info@gmail.com', 7896541239, NULL, '10:30 am to 7:30 pm');

-- --------------------------------------------------------

--
-- Table structure for table `tblspecialization`
--

CREATE TABLE `tblspecialization` (
  `ID` int(5) NOT NULL,
  `Specialization` varchar(250) DEFAULT NULL,
  `CreationDate` timestamp NULL DEFAULT current_timestamp()
) ENGINE=InnoDB DEFAULT CHARSET=latin1;

--
-- Dumping data for table `tblspecialization`
--

INSERT INTO `tblspecialization` (`ID`, `Specialization`, `CreationDate`) VALUES
(1, 'Orthopedics', '2022-11-09 14:22:33'),
(2, 'Internal Medicine', '2022-11-09 14:23:42'),
(3, 'Obstetrics and Gynecology', '2022-11-09 14:24:14'),
(4, 'Dermatology', '2022-11-09 14:24:42'),
(5, 'Pediatrics', '2022-11-09 14:25:06'),
(6, 'Radiology', '2022-11-09 14:25:31'),
(7, 'General Surgery', '2022-11-09 14:25:52'),
(8, 'Ophthalmology', '2022-11-09 14:27:18'),
(9, 'Family Medicine', '2022-11-09 14:27:52'),
(10, 'Chest Medicine', '2022-11-09 14:28:32'),
(11, 'Anesthesia', '2022-11-09 14:29:12'),
(12, 'Pathology', '2022-11-09 14:29:51'),
(13, 'ENT', '2022-11-09 14:30:13');

--
-- Indexes for dumped tables
--

--
-- Indexes for table `tblappointment`
--
ALTER TABLE `tblappointment`
  ADD PRIMARY KEY (`ID`);

--
-- Indexes for table `tbldoctor`
--
ALTER TABLE `tbldoctor`
  ADD PRIMARY KEY (`ID`);

--
-- Indexes for table `tblpage`
--
ALTER TABLE `tblpage`
  ADD PRIMARY KEY (`ID`);

--
-- Indexes for table `tblspecialization`
--
ALTER TABLE `tblspecialization`
  ADD PRIMARY KEY (`ID`);

--
-- AUTO_INCREMENT for dumped tables
--

--
-- AUTO_INCREMENT for table `tblappointment`
--
ALTER TABLE `tblappointment`
  MODIFY `ID` int(10) NOT NULL AUTO_INCREMENT, AUTO_INCREMENT=11;

--
-- AUTO_INCREMENT for table `tbldoctor`
--
ALTER TABLE `tbldoctor`
  MODIFY `ID` int(5) NOT NULL AUTO_INCREMENT, AUTO_INCREMENT=6;

--
-- AUTO_INCREMENT for table `tblpage`
--
ALTER TABLE `tblpage`
  MODIFY `ID` int(10) NOT NULL AUTO_INCREMENT, AUTO_INCREMENT=3;

--
-- AUTO_INCREMENT for table `tblspecialization`
--
ALTER TABLE `tblspecialization`
  MODIFY `ID` int(5) NOT NULL AUTO_INCREMENT, AUTO_INCREMENT=14;
COMMIT;

/*!40101 SET CHARACTER_SET_CLIENT=@OLD_CHARACTER_SET_CLIENT */;
/*!40101 SET CHARACTER_SET_RESULTS=@OLD_CHARACTER_SET_RESULTS */;
/*!40101 SET COLLATION_CONNECTION=@OLD_COLLATION_CONNECTION */;
